<Backups xmlns="http://www.microsoft.com/GroupPolicy/GPOOperations/Manifest" xmlns:mfst="http://www.microsoft.com/GroupPolicy/GPOOperations/Manifest" mfst:version="1.0"><BackupInst mfst:SIPresent="true"><GPOGuid><![CDATA[{D2000E87-551D-4A11-AA30-51AC7B174FF8}]]></GPOGuid><GPODomain><![CDATA[edgegamers.local]]></GPODomain><GPODomainGuid><![CDATA[{21bd3af4-71e9-43aa-9fe0-12ac15852099}]]></GPODomainGuid><GPODomainController><![CDATA[EGODC01.edgegamers.local]]></GPODomainController><BackupTime><![CDATA[2020-08-21T07:16:57]]></BackupTime><ID><![CDATA[{FF17F833-F2FE-4273-BFE4-F3C7CEFEE443}]]></ID><Comment><![CDATA[Automate GPO]]></Comment><GPODisplayName><![CDATA[EnhancedTECH Agent Deployment]]></GPODisplayName></BackupInst></Backups>