<?xml version="1.0" encoding="utf-8"?>
<ScheduledTasks clsid="{CC63F200-7309-4ba0-B154-A71CD118DBCC}"><Task clsid="{2DEECB1C-261F-4e13-9B21-16FB83BC03BD}" name="EnhancedTECH Agent Deployment" image="1" changed="2020-07-29 23:12:50" uid="{D0D073EA-DD9D-42CB-BA31-62B2D4405BE3}" userContext="0" removePolicy="1"><Properties action="R" name="EnhancedTECH Agent Deployment" appName="%SystemDrive%\Program Files\EnhancedTECH Agent\Installer\AgentDeploy-LTPush.bat" args="" startIn="%SystemDrive%\Program Files\EnhancedTECH Agent\Installer\" comment="" enabled="1" deleteWhenDone="0" maxRunTime="1800000" startOnlyIfIdle="1" idleMinutes="5" deadlineMinutes="20" stopOnIdleEnd="0" noStartIfOnBatteries="1" stopIfGoingOnBatteries="1" systemRequired="0"><Triggers><Trigger type="DAILY" startHour="13" startMinutes="00" beginYear="2018" beginMonth="8" beginDay="8" hasEndDate="0" repeatTask="1" minutesInterval="52" repeatUnit="MINUTES" minutesDuration="1800" killAtDurationEnd="1" interval="1"/><Trigger interval="1" type="IDLE" startHour="13" startMinutes="00" beginYear="2018" beginMonth="8" beginDay="8" hasEndDate="0" repeatTask="1" minutesInterval="52" repeatUnit="MINUTES" minutesDuration="1800" killAtDurationEnd="1" idleMinute="5"/></Triggers></Properties></Task>
	<TaskV2 clsid="{D8896631-B747-47a7-84A6-C155337F3BC8}" name="EnhancedTECH Agent Deployment 7+" image="1" changed="2020-07-29 23:13:30" uid="{63BCED06-F224-48F7-8615-635A22A27078}" userContext="0" removePolicy="1"><Properties action="R" name="EnhancedTECH Agent Deployment 7+" runAs="NT AUTHORITY\System" logonType="S4U"><Task version="1.2"><RegistrationInfo><Author>ENHANCEDTECH\administrator</Author><Description></Description></RegistrationInfo><Principals><Principal id="Author"><UserId>NT AUTHORITY\System</UserId><LogonType>S4U</LogonType><RunLevel>HighestAvailable</RunLevel></Principal></Principals><Settings><IdleSettings><Duration>PT10M</Duration><WaitTimeout>PT1H</WaitTimeout><StopOnIdleEnd>true</StopOnIdleEnd><RestartOnIdle>false</RestartOnIdle></IdleSettings><MultipleInstancesPolicy>IgnoreNew</MultipleInstancesPolicy><DisallowStartIfOnBatteries>true</DisallowStartIfOnBatteries><StopIfGoingOnBatteries>true</StopIfGoingOnBatteries><AllowHardTerminate>true</AllowHardTerminate><AllowStartOnDemand>true</AllowStartOnDemand><Enabled>true</Enabled><Hidden>false</Hidden><ExecutionTimeLimit>P3D</ExecutionTimeLimit><Priority>7</Priority></Settings><Triggers><CalendarTrigger><StartBoundary>2018-08-08T17:16:27</StartBoundary><Enabled>true</Enabled><ScheduleByDay><DaysInterval>1</DaysInterval></ScheduleByDay><ExecutionTimeLimit>PT30M</ExecutionTimeLimit><Repetition><Interval>PT1H</Interval><Duration>PT12H</Duration><StopAtDurationEnd>false</StopAtDurationEnd></Repetition></CalendarTrigger></Triggers><Actions Context="Author"><Exec><Command>%SystemDrive%\Program Files\EnhancedTECH Agent\Installer\AgentDeploy-LTPush.bat</Command><WorkingDirectory>%SystemDrive%\Program Files\EnhancedTECH Agent\Installer\</WorkingDirectory></Exec>
				</Actions></Task></Properties></TaskV2>
</ScheduledTasks>
